<?xml version="1.0" encoding="UTF-8"?>
<SchematicTopology Version="2.3" Seed="1" Grid="25">
    <BasePath>E:/Desktop/Now/rcs/cst/jerusalem cross/aluminumjc_array/Model/DS</BasePath>
    <Block ForeignId="138238746" Id="1" Class="MWSSCHEM">
        <Size Height="150" Width="150"/>
        <Image Scale="AutoFit" FileName="E:\Desktop\Now\rcs\cst\jerusalem cross\aluminumjc_array\Model\3D\Model.dib"/>
        <Pos X="75" Y="75"/>
        <ToolTip>CST MICROWAVE STUDIO schematic block MWSSCHEM1</ToolTip>
    </Block>
</SchematicTopology>
